"","mat_label"
"1",3
"2",3
"3",1
"4",1
"5",3
"6",1
"7",1
"8",1
"9",3
"10",3
"11",3
"12",3
"13",2
"14",3
"15",3
"16",3
"17",3
"18",3
"19",1
"20",3
"21",1
"22",1
"23",1
"24",3
"25",1
"26",3
"27",1
"28",3
"29",2
"30",1
"31",3
"32",3
"33",1
"34",2
"35",2
"36",1
"37",2
"38",2
"39",3
"40",3
"41",2
"42",1
"43",3
"44",1
"45",2
"46",2
"47",2
"48",3
"49",3
"50",1
"51",2
"52",1
"53",1
"54",1
"55",2
"56",2
"57",3
"58",2
"59",2
"60",2
"61",2
"62",3
"63",3
"64",3
"65",3
